{"cameraMode":{"drawMode":0,"name":"Shaded","section":"Shading Mode"},"sceneLighting":true,"audioPlay":false,"sceneViewState":{"showFog":true,"showMaterialUpdate":false,"showSkybox":true,"showFlares":true,"showImageEffects":true,"showParticleSystems":true},"in2DMode":false,"pivot":{"x":-54.93000030517578,"y":9.600000381469727,"z":-61.384010314941409},"rotation":{"x":-0.11495641618967056,"y":0.3535495400428772,"z":-0.04375606030225754,"w":-0.9273369908332825},"size":11.858128547668457,"orthographic":true}