{"cameraMode":{"drawMode":0,"name":"Shaded","section":"Shading Mode"},"sceneLighting":true,"audioPlay":false,"sceneViewState":{"showFog":true,"showMaterialUpdate":false,"showSkybox":true,"showFlares":true,"showImageEffects":true,"showParticleSystems":true},"in2DMode":false,"pivot":{"x":65.98579406738281,"y":2.759999990463257,"z":32.249874114990237},"rotation":{"x":0.28579461574554446,"y":-0.2464977651834488,"z":0.07637771219015122,"w":0.9229250550270081},"size":3.1264536380767824,"orthographic":false}