{"cameraMode":{"drawMode":0,"name":"Shaded","section":"Shading Mode"},"sceneLighting":true,"audioPlay":false,"sceneViewState":{"showFog":true,"showMaterialUpdate":true,"showSkybox":true,"showFlares":true,"showImageEffects":true,"showParticleSystems":true},"in2DMode":false,"pivot":{"x":-9.553138732910157,"y":5.002506256103516,"z":59.20581817626953},"rotation":{"x":-0.21586430072784425,"y":-0.4292670488357544,"z":0.10633841902017594,"w":-0.8706144690513611},"size":12.221414566040039,"orthographic":false}